01/2000,8
02/2000,2
03/2000,9
04/2000,2
05/2000,7
06/2000,20
07/2000,13
08/2000,27
09/2000,15
10/2000,9
11/2000,10
02/2001,5
03/2001,7
04/2001,8
05/2001,11
06/2001,9
07/2001,10
08/2001,4
09/2001,10
10/2001,7
11/2001,3
12/2001,5
01/2002,3
02/2002,1
03/2002,1
04/2002,15
05/2002,14
06/2002,9
07/2002,5
08/2002,5
09/2002,5
10/2002,1
11/2002,1
12/2002,6
02/2003,3
03/2003,2
04/2003,8
05/2003,3
06/2003,7
07/2003,6
08/2003,9
09/2003,5
10/2003,4
11/2003,2
12/2003,6
02/2004,1
03/2004,2
04/2004,8
05/2004,3
06/2004,4
07/2004,7
08/2004,9
09/2004,3
10/2004,9
11/2004,1
12/2004,7
01/2005,3
02/2005,1
03/2005,4
04/2005,4
06/2005,2
07/2005,2
08/2005,3
09/2005,1
10/2005,2
11/2005,2
12/2005,1
01/2006,4
02/2006,2
04/2006,2
05/2006,4
06/2006,6
07/2006,6
08/2006,1
09/2006,14
10/2006,7
11/2006,4
12/2006,2
01/2007,5
02/2007,1
03/2007,3
04/2007,6
05/2007,3
07/2007,6
08/2007,3
09/2007,2
10/2007,15
11/2007,18
12/2007,3
01/2008,10
02/2008,5
03/2008,1
04/2008,7
05/2008,10
06/2008,3
07/2008,5
08/2008,9
09/2008,5
10/2008,10
11/2008,4
12/2008,2
01/2009,9
02/2009,6
03/2009,2
04/2009,1
05/2009,7
06/2009,8
07/2009,14
08/2009,2
09/2009,14
10/2009,6
11/2009,15
12/2009,7
01/2010,5
02/2010,12
03/2010,14
04/2010,3
05/2010,6
06/2010,10
07/2010,4
08/2010,8
09/2010,5
10/2010,4
11/2010,10
12/2010,4
01/2011,8
02/2011,3
03/2011,13
04/2011,7
05/2011,7
06/2011,10
07/2011,15
08/2011,16
09/2011,12
10/2011,14
11/2011,13
12/2011,8
01/2012,10
02/2012,10
03/2012,35
04/2012,27
05/2012,15
06/2012,21
07/2012,16
08/2012,10
09/2012,14
10/2012,26
11/2012,12
12/2012,28
01/2013,23
02/2013,30
03/2013,30
04/2013,21
05/2013,25
06/2013,23
07/2013,26
08/2013,31
09/2013,42
10/2013,32
11/2013,18
12/2013,31
01/2014,66
02/2014,35
03/2014,38
04/2014,35
05/2014,61
06/2014,53
07/2014,27
08/2014,29
09/2014,45
10/2014,49
11/2014,44
12/2014,78
01/2015,31
02/2015,36
03/2015,57
04/2015,60
05/2015,56
06/2015,106
07/2015,60
08/2015,85
09/2015,72
10/2015,68
11/2015,126
12/2015,68
01/2016,71
02/2016,85
03/2016,132
04/2016,104
05/2016,119
06/2016,246
07/2016,119
08/2016,140
09/2016,157
10/2016,180
11/2016,199
12/2016,142
01/2017,116
02/2017,155
03/2017,167
04/2017,226
05/2017,206
06/2017,187
07/2017,283
08/2017,228
09/2017,228
10/2017,194
11/2017,245
12/2017,163
01/2018,150
02/2018,195
03/2018,211
04/2018,366
05/2018,440
06/2018,304
07/2018,248
08/2018,420
09/2018,399
10/2018,341
11/2018,426
12/2018,228
01/2019,198
02/2019,245
03/2019,249
04/2019,465
05/2019,407
06/2019,624
07/2019,407
08/2019,481
09/2019,740
10/2019,574
11/2019,624
12/2019,368
01/2020,287
02/2020,356
03/2020,365
04/2020,882
05/2020,835
06/2020,523
07/2020,399
08/2020,395
09/2020,577
10/2020,1278
11/2020,603
12/2020,625
01/2021,469
02/2021,441
03/2021,544
04/2021,929
05/2021,693
06/2021,910
07/2021,454
08/2021,519
09/2021,1111
10/2021,879
11/2021,489
12/2021,654
01/2022,453
02/2022,470
03/2022,872
04/2022,889
05/2022,1002
06/2022,594
07/2022,433
08/2022,455
09/2022,616
10/2022,1397
11/2022,920
12/2022,858
01/2023,526
02/2023,708
03/2023,727
04/2023,737
05/2023,2349
06/2023,1263
07/2023,879
08/2023,904
09/2023,1053
10/2023,1988
11/2023,1425
12/2023,1006
01/2024,1167
02/2024,2114
03/2024,1644
04/2024,1644
05/2024,1589
06/2024,2388
07/2024,1770
08/2024,1235
09/2024,1532
10/2024,2634
11/2024,1311
12/2024,1626
01/2025,1361
02/2025,2414
03/2025,1910
04/2025,1613
05/2025,2833
06/2025,2433
07/2025,1671
08/2025,1753
09/2025,2214
10/2025,2666
11/2025,1527
12/2025,1302
01/2026,2168
02/2026,1936
03/2026,2138
04/2026,2532
05/2026,2844
06/2026,2721
07/2026,1832
08/2026,2537
09/2026,3092
