01/2000,2
02/2000,7
03/2000,54
04/2000,4
05/2000,14
06/2000,6
07/2000,14
08/2000,3
09/2000,7
10/2000,4
11/2000,6
12/2000,4
01/2001,3
02/2001,3
03/2001,3
04/2001,2
05/2001,8
06/2001,14
07/2001,8
08/2001,2
09/2001,7
10/2001,5
11/2001,5
12/2001,7
01/2002,5
02/2002,19
03/2002,10
04/2002,9
05/2002,7
06/2002,9
07/2002,28
08/2002,6
09/2002,5
10/2002,6
11/2002,13
12/2002,3
01/2003,6
02/2003,7
03/2003,5
04/2003,2
05/2003,26
06/2003,12
07/2003,16
08/2003,6
09/2003,9
10/2003,9
11/2003,16
12/2003,19
01/2004,2
02/2004,10
03/2004,11
04/2004,12
05/2004,35
06/2004,6
07/2004,16
08/2004,12
09/2004,8
10/2004,10
11/2004,12
12/2004,31
01/2005,13
02/2005,17
03/2005,11
04/2005,26
05/2005,11
06/2005,9
07/2005,15
08/2005,9
09/2005,10
10/2005,13
11/2005,12
12/2005,10
01/2006,16
02/2006,9
03/2006,9
04/2006,10
05/2006,20
06/2006,13
07/2006,17
08/2006,10
09/2006,14
10/2006,21
11/2006,20
12/2006,10
01/2007,12
02/2007,9
03/2007,11
04/2007,21
05/2007,33
06/2007,9
07/2007,14
08/2007,11
09/2007,19
10/2007,15
11/2007,16
12/2007,22
01/2008,17
02/2008,13
03/2008,24
04/2008,23
05/2008,30
06/2008,30
07/2008,19
08/2008,10
09/2008,30
10/2008,26
11/2008,24
12/2008,32
01/2009,19
02/2009,30
03/2009,48
04/2009,41
05/2009,31
06/2009,38
07/2009,37
08/2009,13
09/2009,33
10/2009,38
11/2009,25
12/2009,27
01/2010,35
02/2010,39
03/2010,40
04/2010,42
05/2010,40
06/2010,59
07/2010,36
08/2010,41
09/2010,29
10/2010,21
11/2010,38
12/2010,57
01/2011,25
02/2011,44
03/2011,46
04/2011,35
05/2011,56
06/2011,157
07/2011,101
08/2011,61
09/2011,92
10/2011,80
11/2011,57
12/2011,32
01/2012,47
02/2012,93
03/2012,85
04/2012,74
05/2012,61
06/2012,206
07/2012,166
08/2012,41
09/2012,55
10/2012,109
11/2012,50
12/2012,102
01/2013,356
02/2013,290
03/2013,216
04/2013,384
05/2013,59
06/2013,63
07/2013,76
08/2013,51
09/2013,88
10/2013,59
11/2013,49
12/2013,81
01/2014,202
02/2014,89
03/2014,48
04/2014,74
05/2014,112
06/2014,81
07/2014,72
08/2014,65
09/2014,54
10/2014,62
11/2014,88
12/2014,84
01/2015,60
02/2015,78
03/2015,96
04/2015,79
05/2015,101
06/2015,99
07/2015,99
08/2015,80
09/2015,100
10/2015,70
11/2015,130
12/2015,123
01/2016,84
02/2016,134
03/2016,121
04/2016,183
05/2016,161
06/2016,223
07/2016,157
08/2016,150
09/2016,150
10/2016,169
11/2016,218
12/2016,190
01/2017,144
02/2017,144
03/2017,238
04/2017,205
05/2017,285
06/2017,230
07/2017,261
08/2017,232
09/2017,306
10/2017,232
11/2017,342
12/2017,192
01/2018,242
02/2018,341
03/2018,293
04/2018,335
05/2018,437
06/2018,401
07/2018,342
08/2018,263
09/2018,394
10/2018,446
11/2018,466
12/2018,320
01/2019,294
02/2019,296
03/2019,351
04/2019,399
05/2019,554
06/2019,468
07/2019,368
08/2019,298
09/2019,574
10/2019,397
11/2019,417
12/2019,342
01/2020,354
02/2020,425
03/2020,419
04/2020,445
05/2020,475
06/2020,588
07/2020,514
08/2020,501
09/2020,762
10/2020,1101
11/2020,850
12/2020,980
01/2021,698
02/2021,973
03/2021,1052
04/2021,1029
05/2021,969
06/2021,1300
07/2021,992
08/2021,927
09/2021,1122
10/2021,1270
11/2021,1082
12/2021,1080
01/2022,913
02/2022,1108
03/2022,1274
04/2022,1062
05/2022,1433
06/2022,1365
07/2022,1146
08/2022,1001
09/2022,1190
10/2022,1705
11/2022,1456
12/2022,1131
01/2023,1072
02/2023,1465
03/2023,1609
04/2023,1358
05/2023,2361
06/2023,1953
07/2023,1594
08/2023,1831
09/2023,1760
10/2023,2575
11/2023,2123
12/2023,2043
01/2024,1929
02/2024,2764
03/2024,2559
04/2024,2416
05/2024,2811
06/2024,3082
07/2024,2985
08/2024,2339
09/2024,2670
10/2024,3773
11/2024,2651
12/2024,3058
01/2025,2533
02/2025,3653
03/2025,3482
04/2025,3081
05/2025,4519
06/2025,4137
07/2025,3578
08/2025,3643
09/2025,4271
10/2025,4913
11/2025,3768
12/2025,3521
01/2026,3938
02/2026,4365
03/2026,5133
04/2026,5030
05/2026,6560
06/2026,5847
07/2026,4735
08/2026,5388
09/2026,6116
